Explainer,PGF,PGU,RIS,RRS,ROS
lime,0.24931703507900238,0.08918590843677521,7.5164971351623535,2.164585828781128,9.894375801086426
shap,0.0891323834657669,0.23840384185314178,17592.732421875,5302.84765625,3468.9267578125
grad,0.2548263669013977,0.0732717365026474,4948549120.0,3121457408.0,3029886464.0
sg,0.2526966333389282,0.07236562669277191,10.562743186950684,3.5479016304016113,4.885678768157959
itg,0.09548943489789963,0.2303071767091751,6694394880.0,4226200320.0,4103002880.0
ig,0.2546570599079132,0.07340024411678314,19.735603505619405,10.77217725761854,14.623272552181481
random,0.10713645815849304,0.20870542526245117,26.040937423706055,7.556642055511475,24.03388214111328
