explainer,RIS,PGF,delta_RIS,delta_PGF
shap,117624.38382284468,0.08691439032554626,0.0,0.0
smooth_shap,117624.38382284468,0.20255514979362488,0.0,0.11564075946807861
lime,840055.7016971901,0.20346786081790924,0.0,0.0
smooth_lime,840055.7016971901,0.20377840101718903,0.0,0.00031054019927978516
