explainer,RIS,PGF,delta_RIS,delta_PGF
shap,63.72301483154297,0.0674288347363472,0.0,0.0
smooth_shap,63.72301483154297,0.06660016626119614,0.0,-0.000828668475151062
lime,25421.733488551603,0.08803969621658325,0.0,0.0
smooth_lime,25421.733488551603,0.08795279264450073,0.0,-8.690357208251953e-05
