explainer,RIS,PGF,delta_RIS,delta_PGF
shap,258524.03263440952,0.05647828429937363,0.0,0.0
smooth_shap,258524.03263440952,0.15367518365383148,0.0,0.09719689935445786
lime,508515.0095846854,0.1558537781238556,0.0,0.0
smooth_lime,508515.0095846854,0.15619610249996185,0.0,0.0003423243761062622
