explainer,RIS,PGF,delta_RIS,delta_PGF
shap,71467.0234375,0.09063701331615448,0.0,0.0
smooth_shap,71467.0234375,0.0840034931898117,0.0,-0.0066335201263427734
lime,12.586329833425657,0.24617014825344086,0.0,0.0
smooth_lime,12.586329833425657,0.24788391590118408,0.0,0.001713767647743225
