explainer,RIS,PGF,delta_RIS,delta_PGF
shap,45.508934020996094,0.04906900227069855,0.0,0.0
smooth_shap,45.508934020996094,0.07011062651872635,0.0,0.0210416242480278
lime,40904.36706263939,0.08584041148424149,0.0,0.0
smooth_lime,40904.36706263939,0.08805106580257416,0.0,0.002210654318332672
