explainer,PGF,PGU,RIS,RRS,ROS
lime,0.2761348485946655,0.09363745152950287,10.738403911141033,4.468356106016371,20.50876181611559
shap,0.12188686430454254,0.2348203808069229,51583.07707375627,15299.429041069088,10315.644678338715
grad,0.2779489755630493,0.07913006842136383,5924635648.0,3691062784.0,3262893312.0
sg,0.2770334780216217,0.07868572324514389,131.17332458496094,67.9869613647461,72.2070541381836
itg,0.13644233345985413,0.2253303825855255,8403754496.0,5259208704.0,4717750272.0
ig,0.277681440114975,0.07684722542762756,17.941435060075946,7.881188889803455,12.165501115547274
random,0.10099072754383087,0.24265848100185394,24.978498458862305,7.7458391189575195,27.5595645904541
